Title,URL
Greedy Techniques,https://www.geeksforgeeks.org/greedy-algorithm-notes-for-gate-exam
Heap Sort,https://www.geeksforgeeks.org/searching-and-sorting-algorithm-notes-for-gate-exam
Actor-Critic Algorithm,https://www.geeksforgeeks.org/actor-critic-algorithm-in-reinforcement-learning
Bitwise Algorithms Guide,https://www.geeksforgeeks.org/bitwise-algorithms
Dijkstra's Algorithm,https://www.geeksforgeeks.org/introduction-to-dijkstras-shortest-path-algorithm
Introduction to Sorting,https://www.geeksforgeeks.org/introduction-to-sorting-algorithm
Introduction to Sorting Techniques – Data Structure and Algorithm Tutorials,https://www.geeksforgeeks.org/introduction-to-sorting-algorithm
Algorithms,https://www.geeksforgeeks.org/c-magicians-stl-algorithms
Sorting Complexities,https://www.geeksforgeeks.org/time-complexities-of-all-sorting-algorithms
Random Forests,https://www.geeksforgeeks.org/random-forest-algorithm-in-machine-learning
DSA Tutorial,https://www.geeksforgeeks.org/learn-data-structures-and-algorithms-dsa-tutorial
Strings - Data Structure and Algorithm Tutorials,https://www.geeksforgeeks.org/introduction-to-strings-data-structure-and-algorithm-tutorials
Rabin-Karp Algorithm,https://www.geeksforgeeks.org/rabin-karp-algorithm-for-pattern-searching
"ML | Face Recognition Using Eigenfaces (PCA Algorithm)In 1991, Turk and Pentland suggested an approach to face recogniti",https://www.geeksforgeeks.org/ml-face-recognition-using-eigenfaces-pca-algorithm
Euclid Division Algorithm,https://www.geeksforgeeks.org/euclid-s-division-algorithm
Breadth First Traversal or BFS for a Graph,https://www.geeksforgeeks.org/graph-based-algorithms-for-gate-exam
"Analysis of Algorithms | Big-Omega â„¦ NotationIn the analysis of algorithms, asymptotic notations are used to evaluate ",https://www.geeksforgeeks.org/analysis-of-algorithms-big-omega-notation
Expectation-Maximization (EM) Algorithm,https://www.geeksforgeeks.org/ml-expectation-maximization-algorithm
asymptotic Notations,https://www.geeksforgeeks.org/analysis-of-algorithms-set-3asymptotic-notations
Dinic’s Algorithm,https://www.geeksforgeeks.org/dinics-algorithm-maximum-flow
"scheduling-algorithm,",https://www.geeksforgeeks.org/videos/tag/scheduling-algorithm
Bellman – Ford Algorithm,https://www.geeksforgeeks.org/bellman-ford-algorithm-dp-23
Hopcroft–Karp Algorithm for Maximum Matching,https://www.geeksforgeeks.org/hopcroft-karp-algorithm-for-maximum-matching-set-1-introduction
Graph,https://www.geeksforgeeks.org/graph-data-structure-and-algorithms
Recursion Tutorial,https://www.geeksforgeeks.org/introduction-to-recursion-data-structure-and-algorithm-tutorials
Analysis of Algorithms,https://www.geeksforgeeks.org/design-and-analysis-of-algorithms
Detect Cycle in a Directed Graph,https://www.geeksforgeeks.org/graph-based-algorithms-for-gate-exam
Prim’s MST for Adjacency List Representation,https://www.geeksforgeeks.org/greedy-algorithms-set-5-prims-mst-for-adjacency-list-representation
Divide and Conquer Algorithm Tutorial,https://www.geeksforgeeks.org/introduction-to-divide-and-conquer-algorithm-data-structure-and-algorithm-tutorials
Prim’s vs Kruskal’s algorithm for MST,https://www.geeksforgeeks.org/difference-between-prims-and-kruskals-algorithm-for-mst
Top MCQs on NP-Complete Complexity with Answers,https://www.geeksforgeeks.org/algorithms-gq/top-mcqs-on-np-complete-complexity-with-answers
Booth’s Algorithm,https://www.geeksforgeeks.org/computer-organization-booths-algorithm
Analysis of Loops,https://www.geeksforgeeks.org/asymptotic-analysis-of-algorithms-notes-for-gate-exam
Bellman–Ford,https://www.geeksforgeeks.org/dynamic-programming-set-23-bellman-ford-algorithm
Mathematical and Geometric Algorithms Tutorial,https://www.geeksforgeeks.org/mathematical-and-geometric-algorithms-data-structure-and-algorithm-tutorials
Set 3,https://www.geeksforgeeks.org/manachers-algorithm-linear-time-longest-palindromic-substring-part-3-2
Tutorial on Array,https://www.geeksforgeeks.org/introduction-to-arrays-data-structure-and-algorithm-tutorials
Karger’s Algorithm- Set 1- Introduction and Implementation,https://www.geeksforgeeks.org/kargers-algorithm-for-minimum-cut-set-1-introduction-and-implementation
"Hardware Synchronization Algorithms : Unlock and Lock, Test and Set, SwapProcess Synchronization problems occur when two",https://www.geeksforgeeks.org/hardware-synchronization-algorithms-unlock-and-lock-test-and-set-swap
Learn DSA with Python | Python Data Structures and Algorithms,https://www.geeksforgeeks.org/python-data-structures-and-algorithms
Page Replacement Algorithms,https://www.geeksforgeeks.org/operating-system-page-replacement-algorithm
"Data Structure and Algorithm,",https://www.geeksforgeeks.org/videos/category/data-structure-and-algorithm
View All,https://www.geeksforgeeks.org/learn-data-structures-and-algorithms-dsa-tutorial
Bitwise Algorithms Tutorial,https://www.geeksforgeeks.org/introduction-to-bitwise-algorithms-data-structures-and-algorithms-tutorial
Matrix/Grid,https://www.geeksforgeeks.org/introduction-to-matrix-or-grid-data-structure-and-algorithms-tutorial
Sorting Algorithms,https://www.geeksforgeeks.org/introduction-to-sorting-algorithm
Hierarchical Task Networks (HTNs),https://www.geeksforgeeks.org/hierarchical-task-networks-htns-structure-algorithms-and-applications-in-ai
Leaky Bucket Algorithm,https://www.geeksforgeeks.org/leaky-bucket-algorithm
Hashing Tutorial,https://www.geeksforgeeks.org/introduction-to-hashing-data-structure-and-algorithm-tutorials
Mo's algorithm,https://www.geeksforgeeks.org/mos-algorithm-query-square-root-decomposition-set-1-introduction
‘Quiz’ on Dynamic Programming,https://www.geeksforgeeks.org/algorithms-gq/top-mcqs-on-dynamic-programming-with-answers
KMP Algorithm,https://www.geeksforgeeks.org/kmp-algorithm-for-pattern-searching
Next Article:Introduction to Graph Data Structure,https://www.geeksforgeeks.org/introduction-to-graphs-data-structure-and-algorithm-tutorials
FP-Growth (Frequent Pattern-Growth),https://www.geeksforgeeks.org/ml-frequent-pattern-growth-algorithm
Searching Tutorial,https://www.geeksforgeeks.org/introduction-to-searching-data-structure-and-algorithm-tutorial
Data Structures and Algorithms,https://www.geeksforgeeks.org/videos/category/data-structures-and-algorithms
Expectiminimax Algorithm,https://www.geeksforgeeks.org/expectimax-search-algorithm-in-ai
Bubble Sort,https://www.geeksforgeeks.org/bubble-sort-algorithm
"Sample Practice Problems on Complexity Analysis of AlgorithmsPrerequisite: Asymptotic Analysis, Worst, Average and Best ",https://www.geeksforgeeks.org/analysis-algorithms-set-5-practice-problems
Foreground Extraction in an Image using Grabcut Algorithm,https://www.geeksforgeeks.org/python-foreground-extraction-in-an-image-using-grabcut-algorithm
Searching Algorithms,https://www.geeksforgeeks.org/searching-algorithms
Actor-Critic Methods,https://www.geeksforgeeks.org/actor-critic-algorithm-in-reinforcement-learning
LMNs- AlgorithmsAn algorithm is a step-by-step procedure or set of rules to solve a specific problem. It is a logical se,https://www.geeksforgeeks.org/lmns-algorithms-gq
ORB (Oriented FAST and Rotated BRIEF),https://www.geeksforgeeks.org/feature-matching-using-orb-algorithm-in-python-opencv
Introduction to DP,https://www.geeksforgeeks.org/introduction-to-dynamic-programming-data-structures-and-algorithm-tutorials
Local Beam Search,https://www.geeksforgeeks.org/introduction-to-beam-search-algorithm
Next Article,https://www.geeksforgeeks.org/lmns-algorithms-gq
Algorithm to solve Rubik’s Cube,https://www.geeksforgeeks.org/algorithm-to-solve-rubiks-cube
Tree,https://www.geeksforgeeks.org/introduction-to-tree-data-structure-and-algorithm-tutorials
Prim’s Minimum Spanning Tree (MST),https://www.geeksforgeeks.org/greedy-algorithms-set-5-prims-minimum-spanning-tree-mst-2
Peterson’s Algorithm for Mutual Exclusion | Set 2 (CPU Cycles and Memory Fence),https://www.geeksforgeeks.org/petersons-algorithm-for-mutual-exclusion-set-2-cpu-cycles-and-memory-fence
Quizzes on Graph Shortest Path,https://www.geeksforgeeks.org/algorithms-gq/top-mcqs-on-shortest-paths-in-graphs-with-answers
DSA for Beginners,https://www.geeksforgeeks.org/dsa-tutorial-learn-data-structures-and-algorithms
Reinforce Algorithm,https://www.geeksforgeeks.org/reinforce-algorithm
Program for SSTF disk scheduling algorithm,https://www.geeksforgeeks.org/program-for-sstf-disk-scheduling-algorithm
Adversarial Search Algorithms,https://www.geeksforgeeks.org/adversarial-search-algorithms
Backtracking,https://www.geeksforgeeks.org/backtracking-algorithms
Algorithms,https://www.geeksforgeeks.org/category/dsa/algorithm
Merge Sort,https://www.geeksforgeeks.org/searching-and-sorting-algorithm-notes-for-gate-exam
Adversarial search,https://www.geeksforgeeks.org/adversarial-search-algorithms
Set 1,https://www.geeksforgeeks.org/finite-automata-algorithm-for-pattern-searching
Recursive Algorithms Guide,https://www.geeksforgeeks.org/recursion-algorithms
Set 2,https://www.geeksforgeeks.org/union-find-algorithm-set-2-union-by-rank
Branch and Bound,https://www.geeksforgeeks.org/branch-and-bound-algorithm
Introduction to Sorting Techniques â€“ Data Structure and Algorithm TutorialsSorting refers to rearrangement of a given ,https://www.geeksforgeeks.org/introduction-to-sorting-algorithm
Gradient Descent,https://www.geeksforgeeks.org/gradient-descent-algorithm-and-its-variants
A Search* Algorithm,https://www.geeksforgeeks.org/a-algorithm-and-its-heuristic-search-strategy-in-artificial-intelligence
Closest Pair of Points,https://www.geeksforgeeks.org/closest-pair-of-points-using-divide-and-conquer-algorithm
Program for Banker’s Algorithm | Set 1 (Safety Algorithm),https://www.geeksforgeeks.org/program-bankers-algorithm-set-1-safety-algorithm
Cycle Detection,https://www.geeksforgeeks.org/union-find-algorithm-set-2-union-by-rank
Classification of Routing Algorithms – Set 1,https://www.geeksforgeeks.org/computer-network-classification-routing-algorithms
Sorting Algorithms,https://www.geeksforgeeks.org/sorting-algorithms-in-javascript
Boruvka’s algorithm for Minimum Spanning Tree,https://www.geeksforgeeks.org/greedy-algorithms-set-9-boruvkas-algorithm
Quiz on Sorting,https://www.geeksforgeeks.org/quizzes/top-mcqs-on-sorting-algorithms-with-answers
Sample Practice Problems on Complexity Analysis of Algorithm,https://www.geeksforgeeks.org/analysis-algorithms-set-5-practice-problems
Bellman–Ford Algorithm,https://www.geeksforgeeks.org/dynamic-programming-set-23-bellman-ford-algorithm
Top 100 Data Structure and Algorithms DSA Interview Questions Topic-wiseDSA has been one of the most popular go-to topic,https://www.geeksforgeeks.org/top-100-data-structure-and-algorithms-dsa-interview-questions-topic-wise
Introduction to Stack,https://www.geeksforgeeks.org/introduction-to-stack-data-structure-and-algorithm-tutorials
Analysis of Algorithms,https://www.geeksforgeeks.org/category/dsa/algorithm/analysis
ECLAT (Equivalence Class Clustering and bottom-up Lattice Traversal),https://www.geeksforgeeks.org/ml-eclat-algorithm
Dijkstra’s shortest path algorithm,https://www.geeksforgeeks.org/greedy-algorithm-notes-for-gate-exam
Set,https://www.geeksforgeeks.org/top-100-data-structure-and-algorithms-dsa-interview-questions-topic-wise
Complete Data Structures & Algorithms Tutorial,https://www.geeksforgeeks.org/dsa-tutorial-learn-data-structures-and-algorithms
Alpha-Beta Pruning,https://www.geeksforgeeks.org/minimax-algorithm-in-game-theory-set-4-alpha-beta-pruning
Queue,https://www.geeksforgeeks.org/introduction-to-queue-data-structure-and-algorithm-tutorials
Apriori algorithm,https://www.geeksforgeeks.org/apriori-algorithm
Minimax Algorithm,https://www.geeksforgeeks.org/mini-max-algorithm-in-artificial-intelligence
Sorting Algorithms,https://www.geeksforgeeks.org/sorting-algorithms
Bellman–Ford Shortest Path,https://www.geeksforgeeks.org/bellman-ford-algorithm-dp-23
Dial’s Algorithm,https://www.geeksforgeeks.org/dials-algorithm-optimized-dijkstra-for-small-range-weights
Kruskal Algorithm,https://www.geeksforgeeks.org/kruskals-minimum-spanning-tree-algorithm-greedy-algo-2
Array,https://www.geeksforgeeks.org/introduction-to-arrays-data-structure-and-algorithm-tutorials
Hungarian algorithm,https://en.wikipedia.org/wiki/Hungarian_algorithm
Reverse Delete Algorithm for Minimum Spanning Tree,https://www.geeksforgeeks.org/reverse-delete-algorithm-minimum-spanning-tree
"How to Analyse Loops for Complexity Analysis of AlgorithmsWe have discussed Asymptotic Analysis, Worst, Average and Best",https://www.geeksforgeeks.org/how-to-analyse-loops-for-complexity-analysis-of-algorithms
Minimum Spanning tree **Prim**,https://www.geeksforgeeks.org/greedy-algorithms-set-5-prims-minimum-spanning-tree-mst-2
KMP algorithm,https://www.geeksforgeeks.org/searching-for-patterns-set-2-kmp-algorithm
Types of Decision tree algorithms,https://www.geeksforgeeks.org/decision-tree-algorithms
Recursion,https://www.geeksforgeeks.org/recursion-algorithms
Part 2,https://www.geeksforgeeks.org/manachers-algorithm-linear-time-longest-palindromic-substring-part-2
QuickSort,https://www.geeksforgeeks.org/searching-and-sorting-algorithm-notes-for-gate-exam
Set 4,https://www.geeksforgeeks.org/manachers-algorithm-linear-time-longest-palindromic-substring-part-4
Learn Data Structure and Algorithms | DSA Tutorial pointer,https://www.geeksforgeeks.org/learn-data-structures-and-algorithms-dsa-tutorial
All Articles on Geometric Algorithms,https://www.geeksforgeeks.org/tag/geometric-algorithms
Expectation-Maximization Algorithm,https://www.geeksforgeeks.org/ml-expectation-maximization-algorithm
Bubble Sort AlgorithmBubble Sort is the simplest sorting algorithm that works by repeatedly swapping the adjacent elemen,https://www.geeksforgeeks.org/bubble-sort-algorithm
Disk Scheduling Algorithms,https://www.geeksforgeeks.org/disk-scheduling-algorithms
Next Article,https://www.geeksforgeeks.org/introduction-to-graphs-data-structure-and-algorithm-tutorials
Part 1,https://www.geeksforgeeks.org/manachers-algorithm-linear-time-longest-palindromic-substring-part-1
Python | Foreground Extraction in an Image using Grabcut AlgorithmIn this article we'll discuss an efficient method of f,https://www.geeksforgeeks.org/python-foreground-extraction-in-an-image-using-grabcut-algorithm
Quick Sort,https://www.geeksforgeeks.org/quick-sort-algorithm
Set Tutorial,https://www.geeksforgeeks.org/introduction-to-set-data-structure-and-algorithm-tutorials
By Rank and Path Compression,https://www.geeksforgeeks.org/union-find-algorithm-set-2-union-by-rank
Searching Algorithms Guide,https://www.geeksforgeeks.org/searching-algorithms
Dynamic Programming,https://www.geeksforgeeks.org/category/dsa/algorithm/dynamic-programming
Disjoint Set Union,https://www.geeksforgeeks.org/introduction-to-disjoint-set-data-structure-or-union-find-algorithm
Local search algorithms,https://www.geeksforgeeks.org/local-search-algorithm-in-artificial-intelligence
Encryption,https://www.geeksforgeeks.org/encryption-its-algorithms-and-its-future
Tarjan’s Algorithm to find strongly connected Components,https://www.geeksforgeeks.org/tarjan-algorithm-find-strongly-connected-components
Floyd Warshall Algorithm,https://www.geeksforgeeks.org/floyd-warshall-algorithm-dp-16
Extended Euclidean algorithms,https://www.geeksforgeeks.org/python-program-for-basic-and-extended-euclidean-algorithms-2
Search Algorithms,https://www.geeksforgeeks.org/search-algorithms-in-ai
Quick SortQuickSort is a sorting algorithm based on the Divide and Conquer that picks an element as a pivot and partitio,https://www.geeksforgeeks.org/quick-sort-algorithm
Top 100 DSA Interview Problems,https://www.geeksforgeeks.org/top-100-data-structure-and-algorithms-dsa-interview-questions-topic-wise
Introduction to Push Relabel Algorithm,https://www.geeksforgeeks.org/introduction-to-push-relabel-algorithm
Complexity Analysis Guide,https://www.geeksforgeeks.org/design-and-analysis-of-algorithms
Counting Sort,https://www.geeksforgeeks.org/searching-and-sorting-algorithm-notes-for-gate-exam
Strings,https://www.geeksforgeeks.org/introduction-to-strings-data-structure-and-algorithm-tutorials
Randomized,https://www.geeksforgeeks.org/randomized-algorithms
Trie,https://www.geeksforgeeks.org/introduction-to-trie-data-structure-and-algorithm-tutorials
Uses of Sorting Algorithm,https://www.geeksforgeeks.org/when-to-use-each-sorting-algorithms
Support Vector Machines (SVM),https://www.geeksforgeeks.org/support-vector-machine-algorithm
Heap Tutorial,https://www.geeksforgeeks.org/introduction-to-heap-data-structure-and-algorithm-tutorials
DSA Tutorial - Learn Data Structures and AlgorithmsDSA (Data Structures and Algorithms) is the study of organizing data ,https://www.geeksforgeeks.org/dsa-tutorial-learn-data-structures-and-algorithms
Johnson’s algorithm,https://www.geeksforgeeks.org/johnsons-algorithm
Analysis of AlgorithmsAnalysis of Algorithms is a fundamental aspect of computer science that involves evaluating perfor,https://www.geeksforgeeks.org/analysis-of-algorithms
MO’s Algorithm,https://www.geeksforgeeks.org/mos-algorithm-query-square-root-decomposition-set-1-introduction
Hopcroft Karp Algorithm for Maximum Matching-Introduction,https://www.geeksforgeeks.org/hopcroft-karp-algorithm-for-maximum-matching-set-1-introduction
"07:2520.6K Views|31/07/2024...Boundary Fill Algorithm in Computer GraphicsComputer-Graphics,CS-subjects",https://www.geeksforgeeks.org/videos/boundary-fill-algorithm
Introduction to Greedy Algorithms,https://www.geeksforgeeks.org/greedy-algorithm-notes-for-gate-exam
Quiz on Bit Magic,https://www.geeksforgeeks.org/algorithms-gq/top-mcqs-on-bitwise-algorithms-and-bit-manipulations-with-answers
Minimum Spanning tree **Kruskal**,https://www.geeksforgeeks.org/greedy-algorithms-set-2-kruskals-minimum-spanning-tree-mst
Algorithms,https://www.geeksforgeeks.org/fundamentals-of-algorithms
Search algorithms,https://www.geeksforgeeks.org/search-algorithms-in-ai
Set 4,https://www.geeksforgeeks.org/minimax-algorithm-in-game-theory-set-4-alpha-beta-pruning
Quiz on Searching,https://www.geeksforgeeks.org/algorithms-gq/top-mcqs-on-searching-algorithm-with-answers
Introduction to Random forest,https://www.geeksforgeeks.org/random-forest-algorithm-in-machine-learning
What is Stack Data Structure? A Complete Tutorial,https://www.geeksforgeeks.org/introduction-to-stack-data-structure-and-algorithm-tutorials
Job Sequencing Problem,https://www.geeksforgeeks.org/greedy-algorithm-notes-for-gate-exam
Top 10 algorithms in Interview Questions,https://www.geeksforgeeks.org/top-10-algorithms-in-interview-questions
Learn Data Structure and Algorithms | DSA Tutorial,https://www.geeksforgeeks.org/learn-data-structures-and-algorithms-dsa-tutorial
Hierholzer’s Algorithm for directed graph,https://www.geeksforgeeks.org/hierholzers-algorithm-directed-graph
Dynamic Programming,https://www.geeksforgeeks.org/introduction-to-dynamic-programming-data-structures-and-algorithm-tutorials
What does ‘Space Complexity’ mean?,https://www.geeksforgeeks.org/asymptotic-analysis-of-algorithms-notes-for-gate-exam
Applications of Sorting,https://www.geeksforgeeks.org/applications-advantages-and-disadvantages-of-sorting-algorithm
Implementing apriori algorithm,https://www.geeksforgeeks.org/implementing-apriori-algorithm-in-python
Introduction to Queue Data Structure,https://www.geeksforgeeks.org/introduction-to-queue-data-structure-and-algorithm-tutorials
K Centers Problem | Set 1 (Greedy Approximate Algorithm),https://www.geeksforgeeks.org/k-centers-problem-set-1-greedy-approximate-algorithm
Design and Analysis of Algorithms,https://www.geeksforgeeks.org/design-and-analysis-of-algorithms
Sorting,https://www.geeksforgeeks.org/sorting-algorithms
Feature matching using ORB algorithm in Python-OpenCVORB is a fusion of FAST keypoint detector and BRIEF descriptor with,https://www.geeksforgeeks.org/feature-matching-using-orb-algorithm-in-python-opencv
Z algorithm,https://www.geeksforgeeks.org/z-algorithm-linear-time-pattern-searching-algorithm
Why is Analysis of Algorithm important?Why is Performance of Algorithms Important ? There are many important things that,https://www.geeksforgeeks.org/what-is-algorithm-and-why-analysis-of-it-is-important
Graphs Tutorial,https://www.geeksforgeeks.org/introduction-to-graphs-data-structure-and-algorithm-tutorials
Top MCQs on Complexity Analysis using Recurrence Relations with Answers,https://www.geeksforgeeks.org/algorithms-gq/top-mcqs-on-complexity-analysis-using-recurrence-relations-with-answers
Set 2,https://www.geeksforgeeks.org/manachers-algorithm-linear-time-longest-palindromic-substring-part-2
Convex Hull,https://www.geeksforgeeks.org/convex-hull-set-1-jarviss-algorithm-or-wrapping
Genetic Algorithms,https://www.geeksforgeeks.org/genetic-algorithms
Bisect in Python,https://www.geeksforgeeks.org/bisect-algorithm-functions-in-python
Program for Optimal Page Replacement Algorithm,https://www.geeksforgeeks.org/program-optimal-page-replacement-algorithm
Floyd Warshall,https://www.geeksforgeeks.org/floyd-warshall-algorithm-dp-16
Nearly Sorted (or K sorted),https://www.geeksforgeeks.org/nearly-sorted-algorithm
Sorting,https://www.geeksforgeeks.org/category/dsa/algorithm/sorting
Top MCQs on Complexity Analysis of Algorithms with Answers,https://www.geeksforgeeks.org/algorithms-gq/top-mcqs-on-complexity-analysis-of-algorithms-with-answers
Shortest path with exactly k edges in a directed and weighted graph,https://www.geeksforgeeks.org/graph-based-algorithms-for-gate-exam
Basic Euclidean algorithms,https://www.geeksforgeeks.org/python-program-for-basic-and-extended-euclidean-algorithms
Vertex Cover Problem | Set 1 (Introduction and Approximate Algorithm),https://www.geeksforgeeks.org/vertex-cover-problem-set-1-introduction-approximate-algorithm-2
Disk Scheduling,https://www.geeksforgeeks.org/disk-scheduling-algorithms
Complement Naive Bayes,https://www.geeksforgeeks.org/complement-naive-bayes-cnb-algorithm
DSA with Python,https://www.geeksforgeeks.org/python-data-structures-and-algorithms
Why Data Structures and Algorithms are  Important to learn?,https://www.geeksforgeeks.org/why-data-structures-and-algorithms-are-important-to-learn
Set 1,https://www.geeksforgeeks.org/manachers-algorithm-linear-time-longest-palindromic-substring-part-1
Restoring Division Algorithm For Unsigned IntegerThe Restoring Division Algorithm is an integral procedure employed when,https://www.geeksforgeeks.org/restoring-division-algorithm-unsigned-integer
Set 5,https://www.geeksforgeeks.org/minimax-algorithm-in-game-theory-set-5-zobrist-hashing
"Worst, Average and Best Case Analysis of AlgorithmsIn the previous post, we discussed how Asymptotic analysis overcomes ",https://www.geeksforgeeks.org/worst-average-and-best-case-analysis-of-algorithms
Banker’s Algorithm,https://www.geeksforgeeks.org/operating-system-bankers-algorithm
Banker’s Algorithm : Print all the safe state,https://www.geeksforgeeks.org/operating-system-bankers-algorithm-print-safe-state-safe-sequences
Topological Sorting,https://www.geeksforgeeks.org/graph-based-algorithms-for-gate-exam
Set 3,https://www.geeksforgeeks.org/minimax-algorithm-in-game-theory-set-3-tic-tac-toe-ai-finding-optimal-move
Informed Search Algorithm,https://www.geeksforgeeks.org/informed-search-algorithms-in-artificial-intelligence
Omega Notation,https://www.geeksforgeeks.org/analysis-of-algorithms-big-%CF%89-big-omega-notation
Searching AlgorithmsSearching algorithms are essential tools in computer science used to locate specific items within a ,https://www.geeksforgeeks.org/searching-algorithms
Set 1,https://www.geeksforgeeks.org/ford-fulkerson-algorithm-for-maximum-flow-problem
Belady’s Anomaly,https://www.geeksforgeeks.org/beladys-anomaly-in-page-replacement-algorithms
Stack Tutorial,https://www.geeksforgeeks.org/introduction-to-stack-data-structure-and-algorithm-tutorials
"10:3716.2K Views|09/01/2025...Graham Scan AlgorithmCPP,Maths,C++",https://www.geeksforgeeks.org/videos/graham-scan-algorithm
Floyd Warshall Algorithm,https://www.geeksforgeeks.org/graph-based-algorithms-for-gate-exam
Tarjan,https://www.geeksforgeeks.org/tarjan-algorithm-find-strongly-connected-components
Leaky Bucket,https://www.geeksforgeeks.org/leaky-bucket-algorithm
QuickSort,https://www.geeksforgeeks.org/quick-sort-algorithm
Insertion Sort AlgorithmInsertion sort is a simple sorting algorithm that works by iteratively inserting each element of,https://www.geeksforgeeks.org/insertion-sort-algorithm
Actor-Critic Method,https://www.geeksforgeeks.org/actor-critic-algorithm-in-reinforcement-learning
DSA Interview Questions,https://www.geeksforgeeks.org/top-100-data-structure-and-algorithms-dsa-interview-questions-topic-wise
Bakery Algorithm,https://www.geeksforgeeks.org/operating-system-bakery-algorithm
Geometric,https://www.geeksforgeeks.org/geometric-algorithms
Z Algorithm,https://www.geeksforgeeks.org/z-algorithm-linear-time-pattern-searching-algorithm
Set 2,https://www.geeksforgeeks.org/minimax-algorithm-in-game-theory-set-2-evaluation-function
Algorithm to solve Rubik's CubeA Rubik's Cube is an interesting puzzle invented by 'Erno Rubik' which has 43 quintillion,https://www.geeksforgeeks.org/algorithm-to-solve-rubiks-cube
"Analysis of Algorithms | Î˜ (Theta) NotationIn the analysis of algorithms, asymptotic notations are used to evaluate the",https://www.geeksforgeeks.org/analysis-of-algorithms-big-theta-notation
Quizzes on Graph Minimum Spanning Tree,https://www.geeksforgeeks.org/algorithms-gq/top-mcqs-on-minimum-spanning-tree-mst-in-graphs-with-answers
Reversal algorithm for array rotation,https://www.geeksforgeeks.org/python-program-for-reversal-algorithm-for-array-rotation
Part 3,https://www.geeksforgeeks.org/manachers-algorithm-linear-time-longest-palindromic-substring-part-3-2
this,https://www.geeksforgeeks.org/suffix-array-set-2-a-nlognlogn-algorithm
REINFORCE Algorithm,https://www.geeksforgeeks.org/reinforce-algorithm
Linked List - Data Structure and Algorithm Tutorials,https://www.geeksforgeeks.org/introduction-to-linked-list-data-structure-and-algorithm-tutorial
D’Esopo-Pape Algorithm,https://www.geeksforgeeks.org/desopo-pape-algorithm-single-source-shortest-path
Bitwise Algorithms,https://www.geeksforgeeks.org/bitwise-algorithms
Disjoint Set Data Structure or Union-Find Algorithm,https://www.geeksforgeeks.org/introduction-to-disjoint-set-data-structure-or-union-find-algorithm
Data Structures & Algorithms,https://www.geeksforgeeks.org/learn-data-structures-and-algorithms-dsa-tutorial
Bubble Sort,https://www.geeksforgeeks.org/searching-and-sorting-algorithm-notes-for-gate-exam
Next Article,https://www.geeksforgeeks.org/what-is-algorithm-and-why-analysis-of-it-is-important
Asymptotic Analysis,https://www.geeksforgeeks.org/asymptotic-analysis-of-algorithms-notes-for-gate-exam
Searching Algorithms,https://www.geeksforgeeks.org/introduction-to-searching-algorithms-2
Dekker’s algorithm,https://www.geeksforgeeks.org/operating-system-dekkers-algorithm
Top DS or Algo for CP,https://www.geeksforgeeks.org/top-algorithms-and-data-structures-for-competitive-programming
Flood fill Algorithm,https://www.geeksforgeeks.org/flood-fill-algorithm
Algorithms TutorialAlgorithm is a step-by-step procedure for solving a problem or accomplishing a task. In the context o,https://www.geeksforgeeks.org/fundamentals-of-algorithms
Program for Next Fit algorithm in Memory Management,https://www.geeksforgeeks.org/program-next-fit-algorithm-memory-management
Quiz on Backtracking,https://www.geeksforgeeks.org/quizzes/top-mcqs-on-backtracking-algorithm-with-answers
Big-O Notation,https://www.geeksforgeeks.org/analysis-algorithms-big-o-analysis
Why is Analysis of Algorithm important?,https://www.geeksforgeeks.org/what-is-algorithm-and-why-analysis-of-it-is-important
Asymptotic Analysis of Algorithms,https://www.geeksforgeeks.org/asymptotic-analysis-of-algorithms-notes-for-gate-exam
Tutorial on Dynamic Programming,https://www.geeksforgeeks.org/introduction-to-dynamic-programming-data-structures-and-algorithm-tutorials
Square Root (Sqrt) Decomposition Algorithm,https://www.geeksforgeeks.org/square-root-sqrt-decomposition-algorithm
Optimization algorithms in deep learning,https://www.geeksforgeeks.org/optimization-algorithms-in-machine-learning
REINFORCE,https://www.geeksforgeeks.org/reinforce-algorithm
Tree Tutorial,https://www.geeksforgeeks.org/introduction-to-tree-data-structure-and-algorithm-tutorials
MCQs on Sorting,https://www.geeksforgeeks.org/quizzes/top-mcqs-on-sorting-algorithms-with-answers
Dinic's algo,https://www.geeksforgeeks.org/dinics-algorithm-maximum-flow
Kruskal’s Algorithm,https://www.geeksforgeeks.org/kruskals-minimum-spanning-tree-algorithm-greedy-algo-2
Rabin karp,https://www.geeksforgeeks.org/searching-for-patterns-set-3-rabin-karp-algorithm
Theta Notation,https://www.geeksforgeeks.org/analysis-of-algorithms-big-%CE%B8-big-theta-notation
Maxflow Ford Furkerson Algo and Edmond Karp Implementation,https://www.geeksforgeeks.org/ford-fulkerson-algorithm-for-maximum-flow-problem
"Searching, Sorting, Technique-based Theorem and Hashing",https://www.geeksforgeeks.org/searching-and-sorting-algorithm-notes-for-gate-exam
Flood Fill,https://www.geeksforgeeks.org/flood-fill-algorithm
Bitwise,https://www.geeksforgeeks.org/bitwise-algorithms
t-SNE (t-Distributed Stochastic Neighbor Embedding),https://www.geeksforgeeks.org/ml-t-distributed-stochastic-neighbor-embedding-t-sne-algorithm
Restoring Division Algorithm For Unsigned Integer,https://www.geeksforgeeks.org/restoring-division-algorithm-unsigned-integer
"Asymptotic AnalysisGiven two algorithms for a task, how do we find out which one is better? One naive way of doing this ",https://www.geeksforgeeks.org/asymptotic-notation-and-analysis-based-on-input-size-of-algorithms
Asymptotic Notations,https://www.geeksforgeeks.org/analysis-of-algorithms-set-3asymptotic-notations
Data Structure and AlgorithmsView more,https://www.geeksforgeeks.org/learn-data-structures-and-algorithms-dsa-tutorial
arrays,https://www.geeksforgeeks.org/introduction-to-arrays-data-structure-and-algorithm-tutorials
Introduction to Searching Algorithms,https://www.geeksforgeeks.org/searching-and-sorting-algorithm-notes-for-gate-exam
Queue Tutorial,https://www.geeksforgeeks.org/introduction-to-queue-data-structure-and-algorithm-tutorials
Edge Detection Techniques,https://www.geeksforgeeks.org/comprehensive-guide-to-edge-detection-algorithms
Next Article:Introduction to Sorting Techniques – Data Structure and Algorithm Tutorials,https://www.geeksforgeeks.org/introduction-to-sorting-algorithm
Searching,https://www.geeksforgeeks.org/category/dsa/algorithm/searching
Support Vector Machine (SVM),https://www.geeksforgeeks.org/support-vector-machine-algorithm
Machine Learning Algorithms,https://www.geeksforgeeks.org/machine-learning-algorithms
Mathematical,https://www.geeksforgeeks.org/mathematical-algorithms
Fleury’s Algorithm for printing Eulerian Path or Circuit,https://www.geeksforgeeks.org/fleurys-algorithm-for-printing-eulerian-path
Dijkstra’s Algorithm for Adjacency List Representation,https://www.geeksforgeeks.org/greedy-algorithms-set-7-dijkstras-algorithm-for-adjacency-list-representation
What is Stack Data Structure? A Complete TutorialStack is a linear data structure that follows LIFO (Last In First Out) ,https://www.geeksforgeeks.org/introduction-to-stack-data-structure-and-algorithm-tutorials
K-Means++ clustering,https://www.geeksforgeeks.org/ml-k-means-algorithm
Sorting Techniques Tutorial,https://www.geeksforgeeks.org/introduction-to-sorting-algorithm
Next Article:What is Stack Data Structure? A Complete Tutorial,https://www.geeksforgeeks.org/introduction-to-stack-data-structure-and-algorithm-tutorials
Transitive closure of a graph,https://www.geeksforgeeks.org/graph-based-algorithms-for-gate-exam
Sort a nearly sorted array,https://www.geeksforgeeks.org/nearly-sorted-algorithm
Biconnected graph,https://www.geeksforgeeks.org/graph-based-algorithms-for-gate-exam
Randomized Algorithms,https://www.geeksforgeeks.org/randomized-algorithms
"Sorting AlgorithmsA Sorting Algorithm is used to rearrange a given array or list of elements in an order. For example, a",https://www.geeksforgeeks.org/sorting-algorithms
Depth First Traversal or DFS for a Graph,https://www.geeksforgeeks.org/graph-based-algorithms-for-gate-exam
Branch & Bound,https://www.geeksforgeeks.org/branch-and-bound-algorithm
Set 3,https://www.geeksforgeeks.org/union-find-algorithm-union-rank-find-optimized-path-compression
Tutorial on Sorting,https://www.geeksforgeeks.org/introduction-to-sorting-algorithm
Graph Guide,https://www.geeksforgeeks.org/graph-data-structure-and-algorithms
Havel-Hakimi Theorem,https://www.geeksforgeeks.org/find-if-a-degree-sequence-can-form-a-simple-graph-havel-hakimi-algorithm
Segment Trees Tutorial,https://www.geeksforgeeks.org/introduction-to-segment-trees-data-structure-and-algorithm-tutorials
Dijkstra’s shortest path a,https://www.geeksforgeeks.org/greedy-algorithms-set-6-dijkstras-shortest-path-algorithm
Peterson’s Algorithm for Mutual Exclusion | Set 1 (Basic C implementation),https://www.geeksforgeeks.org/petersons-algorithm-for-mutual-exclusion-set-1
Greedy Algorithm Tutorial,https://www.geeksforgeeks.org/introduction-to-greedy-algorithm-data-structures-and-algorithm-tutorials
Floyd Warshall Algorithm,https://www.geeksforgeeks.org/dynamic-programming-set-16-floyd-warshall-algorithm
‘Quizzes’ on Sorting,https://www.geeksforgeeks.org/algorithms-gq/searching-and-sorting-gq
Selection SortSelection Sort is a comparison-based sorting algorithm. It sorts an array by repeatedly selecting the smal,https://www.geeksforgeeks.org/selection-sort-algorithm-2
Kruskal’s Minimum Spanning Tree Algorithm,https://www.geeksforgeeks.org/greedy-algorithm-notes-for-gate-exam
Next Article,https://www.geeksforgeeks.org/introduction-to-queue-data-structure-and-algorithm-tutorials
Complete DSA Tutorial,https://www.geeksforgeeks.org/dsa-tutorial-learn-data-structures-and-algorithms
Johnson's algorithm,https://www.geeksforgeeks.org/johnsons-algorithm
"Introduction to Queue Data StructureQueue is a linear data structure that follows FIFO (First In First Out) Principle, s",https://www.geeksforgeeks.org/introduction-to-queue-data-structure-and-algorithm-tutorials
Back-off Algorithm for CSMA/CD,https://www.geeksforgeeks.org/back-off-algorithm-csmacd
Shortest Path from source to all vertices **Dijkstra**,https://www.geeksforgeeks.org/greedy-algorithms-set-6-dijkstras-shortest-path-algorithm
Introduction to Queue,https://www.geeksforgeeks.org/introduction-to-queue-data-structure-and-algorithm-tutorials
Set 1,https://www.geeksforgeeks.org/minimax-algorithm-in-game-theory-set-1-introduction
Introduction of Algorithms,https://www.geeksforgeeks.org/asymptotic-analysis-of-algorithms-notes-for-gate-exam
"Graph  AlgorithmsGraph algorithms are methods used to manipulate and analyze graphs, solving various range of problems l",https://www.geeksforgeeks.org/graph-data-structure-and-algorithms
Next Article:LMNs- Algorithms,https://www.geeksforgeeks.org/lmns-algorithms-gq
Introduction to Graph Data Structure,https://www.geeksforgeeks.org/introduction-to-graphs-data-structure-and-algorithm-tutorials
"14:1626.9K Views|18/07/2024...Flood Fill Algorithm | Computer GraphicsComputer-Graphics,CS-subjects",https://www.geeksforgeeks.org/videos/flood-fill-algorithm-computer-graphics
Check if a graph is strongly connected (Kosaraju’s Theoram),https://www.geeksforgeeks.org/graph-based-algorithms-for-gate-exam
Next Article,https://www.geeksforgeeks.org/introduction-to-sorting-algorithm
Greedy Algorithms Guide,https://www.geeksforgeeks.org/greedy-algorithms
Branch and Bound Algorithm,https://www.geeksforgeeks.org/branch-and-bound-algorithm
Ford-Fulkerson Algorithm for Maximum Flow Problem,https://www.geeksforgeeks.org/ford-fulkerson-algorithm-for-maximum-flow-problem
Russian Peasant Multiplication,https://www.geeksforgeeks.org/fast-multiplication-method-without-using-multiplication-operator-russian-peasants-algorithm
Huffman Coding,https://www.geeksforgeeks.org/greedy-algorithm-notes-for-gate-exam
Random Forest,https://www.geeksforgeeks.org/random-forest-algorithm-in-machine-learning
Activity Selection Problem,https://www.geeksforgeeks.org/greedy-algorithm-notes-for-gate-exam
Shortest Path Algorithm Tutorial with Problems,https://www.geeksforgeeks.org/shortest-path-algorithms-a-complete-guide
Sorting Algorithms Guide,https://www.geeksforgeeks.org/sorting-algorithms
Doolittle Algorithm: LU Decomposition,https://www.geeksforgeeks.org/doolittle-algorithm-lu-decomposition
Shortest Path from every vertex to every other vertex **Floyd Warshall**,https://www.geeksforgeeks.org/dynamic-programming-set-16-floyd-warshall-algorithm
Next Article:Why is Analysis of Algorithm important?,https://www.geeksforgeeks.org/what-is-algorithm-and-why-analysis-of-it-is-important
Asynchronous Advantage Actor-Critic (A3C),https://www.geeksforgeeks.org/asynchronous-advantage-actor-critic-a3c-algorithm
Branch and Bound Tutorial,https://www.geeksforgeeks.org/introduction-to-branch-and-bound-data-structures-and-algorithms-tutorial
Dinic’s algorithm for Maximum Flow,https://www.geeksforgeeks.org/dinics-algorithm-maximum-flow
Bridges in a graph,https://www.geeksforgeeks.org/graph-based-algorithms-for-gate-exam
Z's algorithm,https://www.geeksforgeeks.org/z-algorithm-linear-time-pattern-searching-algorithm
"Python Program for Reversal algorithm for array rotationWrite a function rotate(arr[], d, n) that rotates arr[] of size ",https://www.geeksforgeeks.org/python-program-for-reversal-algorithm-for-array-rotation
Quiz on Divide and Conquer,https://www.geeksforgeeks.org/algorithms-gq/top-mcqs-on-divide-and-conquer-algrithm-with-answers
CATEGORY ARCHIVES: ALGORITHMS,https://www.geeksforgeeks.org/fundamentals-of-algorithms
Next Article,https://www.geeksforgeeks.org/introduction-to-stack-data-structure-and-algorithm-tutorials
Deadlock detection algorithm,https://www.geeksforgeeks.org/operating-system-deadlock-detection-algorithm
Understanding SVMs,https://www.geeksforgeeks.org/support-vector-machine-algorithm
Peterson’s Algorithm in Process Synchronization,https://www.geeksforgeeks.org/petersons-algorithm-in-process-synchronization
Quiz on Greedy,https://www.geeksforgeeks.org/quizzes/top-mcqs-on-greedy-algorithms-with-answers
Bellman–Ford Algorithm,https://www.geeksforgeeks.org/graph-based-algorithms-for-gate-exam
Arrays - Data Structure and Algorithm Tutorials,https://www.geeksforgeeks.org/introduction-to-arrays-data-structure-and-algorithm-tutorials
Dynamic Programming (DP) Tutorial with Problems,https://www.geeksforgeeks.org/introduction-to-dynamic-programming-data-structures-and-algorithm-tutorials
Floyd Warshall,https://www.geeksforgeeks.org/dynamic-programming-set-16-floyd-warshall-algorithm
Stack - Data Structure and Algorithm Tutorials,https://www.geeksforgeeks.org/introduction-to-stack-data-structure-and-algorithm-tutorials
Searching,https://www.geeksforgeeks.org/searching-algorithms
Graph Tutorial,https://www.geeksforgeeks.org/introduction-to-graphs-data-structure-and-algorithm-tutorials
Efficient Huffman Coding for Sorted Input,https://www.geeksforgeeks.org/greedy-algorithms-set-3-huffman-coding-set-2
Dijkstra’s Shortest Path Algorithm,https://www.geeksforgeeks.org/dijkstras-shortest-path-algorithm-greedy-algo-7
Introduction to Sorting Algorithm,https://www.geeksforgeeks.org/searching-and-sorting-algorithm-notes-for-gate-exam
Painting Fence Algorithm,https://www.geeksforgeeks.org/painting-fence-algorithm
MCQs on Searching Algorithms,https://www.geeksforgeeks.org/algorithms-gq/top-mcqs-on-searching-algorithm-with-answers
Quizzes on Graph Traversal,https://www.geeksforgeeks.org/algorithms-gq/top-mcqs-on-graph-traversals-with-answers
Next Article:Introduction to Queue Data Structure,https://www.geeksforgeeks.org/introduction-to-queue-data-structure-and-algorithm-tutorials
Algorithms,https://www.geeksforgeeks.org/videos/category/algorithms
Design data structures and algorithms for in-memory file system,https://www.geeksforgeeks.org/design-data-structures-algorithms-memory-file-system
Basic and Extended Euclidean algorithms,https://www.geeksforgeeks.org/basic-and-extended-euclidean-algorithms
Minimum mean weight cycle algorithm,https://www.geeksforgeeks.org/karps-minimum-mean-average-weight-cycle-algorithm
Aho Corasick String Matching,https://www.geeksforgeeks.org/aho-corasick-algorithm-pattern-searching
Big O Notation,https://www.geeksforgeeks.org/analysis-algorithms-big-o-analysis
Graph,https://www.geeksforgeeks.org/introduction-to-graphs-data-structure-and-algorithm-tutorials
Introduction to Arrays,https://www.geeksforgeeks.org/introduction-to-arrays-data-structure-and-algorithm-tutorials
Queue - Data Structure and Algorithm Tutorials,https://www.geeksforgeeks.org/introduction-to-queue-data-structure-and-algorithm-tutorials
Closest Pair of Elements,https://www.geeksforgeeks.org/closest-pair-of-points-using-divide-and-conquer-algorithm
Backtracking Tutorial,https://www.geeksforgeeks.org/introduction-to-backtracking-data-structure-and-algorithm-tutorials
t-distributed Stochastic Neighbor Embedding (t-SNE),https://www.geeksforgeeks.org/ml-t-distributed-stochastic-neighbor-embedding-t-sne-algorithm
Kruskal’s Minimum Spanning Tree,https://www.geeksforgeeks.org/greedy-algorithms-set-2-kruskals-minimum-spanning-tree-mst
Selection Sort,https://www.geeksforgeeks.org/searching-and-sorting-algorithm-notes-for-gate-exam
"Worst, Average and Best Cases",https://www.geeksforgeeks.org/asymptotic-analysis-of-algorithms-notes-for-gate-exam
LMNs- Algorithms,https://www.geeksforgeeks.org/lmns-algorithms-gq
"Types of Asymptotic Notations in Complexity Analysis of AlgorithmsWe have discussed Asymptotic Analysis, and Worst, Aver",https://www.geeksforgeeks.org/types-of-asymptotic-notations-in-complexity-analysis-of-algorithms
Computer Organization | Booth's AlgorithmBooth algorithm gives a procedure for multiplying binary integers in signed 2â€,https://www.geeksforgeeks.org/computer-organization-booths-algorithm
Data Structures and Algorithms for System Design,https://www.geeksforgeeks.org/data-structures-and-algorithms-for-system-design
Articulation Points (or Cut Vertices) in a Graph,https://www.geeksforgeeks.org/graph-based-algorithms-for-gate-exam
t-SNE Algorithm,https://www.geeksforgeeks.org/ml-t-distributed-stochastic-neighbor-embedding-t-sne-algorithm
this,http://blog.anudeep2011.com/mos-algorithm
Insertion Sort,https://www.geeksforgeeks.org/searching-and-sorting-algorithm-notes-for-gate-exam
Last Minute Notes – Algorithms,https://www.geeksforgeeks.org/lmns-algorithms-gq
Small ‘o’ and Small ‘Omega’ Notation,https://www.geeksforgeeks.org/asymptotic-analysis-of-algorithms-notes-for-gate-exam
Euclidean algorithms (Basic and Extended),https://www.geeksforgeeks.org/euclidean-algorithms-basic-and-extended
"04:352.2K Views|07/01/2025...Shortest Job First (SJF) Scheduling Algorithm | Operating SystemsOS,CS-subjects,scheduling-",https://www.geeksforgeeks.org/videos/shortest-job-first-sjf-scheduling-algorithm-operating-systems
DSA,https://www.geeksforgeeks.org/learn-data-structures-and-algorithms-dsa-tutorial
Selection Sort,https://www.geeksforgeeks.org/selection-sort-algorithm-2
Backtracking Guide,https://www.geeksforgeeks.org/backtracking-algorithms
What Should I Learn First: Data Structures or Algorithms?,https://www.geeksforgeeks.org/what-should-i-learn-first-data-structures-or-algorithms
Pollard's rho algorithm,https://www.geeksforgeeks.org/pollards-rho-algorithm-prime-factorization
Banker's Algorithm in Operating SystemBanker's Algorithm is a resource allocation and deadlock avoidance algorithm used ,https://www.geeksforgeeks.org/bankers-algorithm-in-operating-system-2
Peterson’s Algorithm (Using processes and shared memory),https://www.geeksforgeeks.org/petersons-algorithm-using-processes-shared-memory
Token Bucket,https://www.geeksforgeeks.org/token-bucket-algorithm
Greedy Algorithms,https://www.geeksforgeeks.org/greedy-algorithms
Stack,https://origin.geeksforgeeks.org/introduction-to-stack-data-structure-and-algorithm-tutorials
Insertion Sort,https://www.geeksforgeeks.org/insertion-sort-algorithm
Reversing an array by 'd' elements,https://www.geeksforgeeks.org/problems/reversal-algorithm/0
Tutorial on Searching Algorithms,https://www.geeksforgeeks.org/introduction-to-searching-data-structure-and-algorithm-tutorial
Fixed and Flooding Routing algorithms,https://www.geeksforgeeks.org/computer-network-fixed-flooding-routing-algorithms
Set 1,https://www.geeksforgeeks.org/convex-hull-set-1-jarviss-algorithm-or-wrapping
Flood Fill Algorithm,https://www.geeksforgeeks.org/flood-fill-algorithm
Introduction to Graph Data StructureGraph Data Structure is a non-linear data structure consisting of vertices and edges,https://www.geeksforgeeks.org/introduction-to-graphs-data-structure-and-algorithm-tutorials
Uninformed Search Algorithm,https://www.geeksforgeeks.org/uniformed-search-algorithms-in-ai
Big O Notation Tutorial - A Guide to Big O AnalysisBig O notation is a powerful tool used in computer science to describ,https://www.geeksforgeeks.org/analysis-algorithms-big-o-analysis
Greedy,https://www.geeksforgeeks.org/greedy-algorithms
Mathematical Algorithms,https://www.geeksforgeeks.org/mathematical-algorithms
Geometric Algorithms,https://www.geeksforgeeks.org/geometric-algorithms
‘Quizzes’ on Searching,https://www.geeksforgeeks.org/algorithms-gq/top-mcqs-on-searching-algorithm-with-answers
Optimization Algorithms,https://www.geeksforgeeks.org/optimization-algorithms-in-machine-learning
Image Segmentation with Watershed Algorithm - OpenCV PythonImage segmentation is a fundamental computer vision task that,https://www.geeksforgeeks.org/image-segmentation-with-watershed-algorithm-opencv-python
Data Structures and Algorithms for System DesignSystem design relies on Data Structures and Algorithms (DSA) to provide ,https://www.geeksforgeeks.org/data-structures-and-algorithms-for-system-design
Peterson's Algorithm in Process SynchronizationPeterson's Algorithm is a classic solution to the critical section proble,https://www.geeksforgeeks.org/petersons-algorithm-in-process-synchronization
Quiz on Recursion,https://www.geeksforgeeks.org/quizzes/top-mcqs-on-recursion-algorithm-with-answers
